date,value
1948-01-01,1.024.209
1948-02-01,948.196
1948-03-01,681.818
1948-04-01,827.273
1948-05-01,938.497
1948-06-01,937.500
1948-07-01,976.158
1948-08-01,906.250
1948-09-01,665.499
1948-10-01,611.087
1948-11-01,477.016
1948-12-01,273.387
1949-01-01,139.358
1949-02-01,101.394
1949-03-01,174.468
1949-04-01,41.982
1949-05-01,-41.649
1949-06-01,-95.238
1949-07-01,-286.885
1949-08-01,-298.813
1949-09-01,-250.411
1949-10-01,-263.266
1949-11-01,-190.397
1949-12-01,-182.952
1950-01-01,-208.247
1950-02-01,-125.471
1950-03-01,-112.923
1950-04-01,-112.876
1950-05-01,-58.553
1950-06-01,-16.722
1950-07-01,156.118
1950-08-01,210.970
1950-09-01,248.421
1950-10-01,350.655
1950-11-01,379.747
1950-12-01,580.263
1951-01-01,795.406
1951-02-01,940.280
1951-03-01,947.547
1951-04-01,959.831
1951-05-01,933.950
1951-06-01,858.459
1951-07-01,764.437
1951-08-01,685.950
1951-09-01,694.330
1951-10-01,677.551
1951-11-01,699.187
1951-12-01,596.477
1952-01-01,421.592
1952-02-01,224.545
1952-03-01,197.063
1952-04-01,208.333
1952-05-01,184.686
1952-06-01,231.392
1952-07-01,297.183
1952-08-01,320.959
1952-09-01,230.503
1952-10-01,202.599
1952-11-01,140.578
1952-12-01,90.669
1953-01-01,71.834
1953-02-01,68.156
1953-03-01,90.944
1953-04-01,86.924
1953-05-01,86.891
1953-06-01,90.464
1953-07-01,41.229
1953-08-01,59.948
1953-09-01,97.634
1953-10-01,97.415
1953-11-01,59.948
1953-12-01,59.903
1954-01-01,112.613
1954-02-01,150.432
1954-03-01,112.655
1954-04-01,63.694
1954-05-01,86.142
1954-06-01,63.504
1954-07-01,26.129
1954-08-01,0
1954-09-01,-29.751
1954-10-01,-85.343
1954-11-01,-26.071
1954-12-01,-37.216
1955-01-01,-63.103
1955-02-01,-62.986
1955-03-01,-51.987
1955-04-01,-26.061
1955-05-01,-59.413
1955-06-01,-85.375
1955-07-01,-37.230
1955-08-01,-48.417
1955-09-01,14.920
1955-10-01,37.425
1955-11-01,37.341
1955-12-01,37.355
1956-01-01,22.413
1956-02-01,14.914
1956-03-01,37.327
1956-04-01,52.258
1956-05-01,97.124
1956-06-01,164.732
1956-07-01,198.057
1956-08-01,220.808
1956-09-01,186.220
1956-10-01,257.271
1956-11-01,234.375
1956-12-01,282.843
1957-01-01,313.082
1957-02-01,349.963
1957-03-01,360.729
1957-04-01,371.333
1957-05-01,358.861
1957-06-01,353.591
1957-07-01,329.791
1957-08-01,355.181
1957-09-01,354.662
1957-10-01,294.438
1957-11-01,327.154
1957-12-01,304.017
1958-01-01,350.560
1958-02-01,323.741
1958-03-01,362.527
1958-04-01,361.618
1958-05-01,335.714
1958-06-01,284.596
1958-07-01,248.315
1958-08-01,233.380
1958-09-01,208.333
1958-10-01,208.333
1958-11-01,190.074
1958-12-01,175.623
1959-01-01,129.190
1959-02-01,104.530
1959-03-01,34.638
1959-04-01,13.822
1959-05-01,34.554
1959-06-01,69.180
1959-07-01,89.997
1959-08-01,82.930
1959-09-01,117.606
1959-10-01,152.196
1959-11-01,138.169
1959-12-01,151.881
1960-01-01,124.095
1960-02-01,141.379
1960-03-01,151.881
1960-04-01,193.237
1960-05-01,182.507
1960-06-01,171.762
1960-07-01,137.221
1960-08-01,147.361
1960-09-01,123.077
1960-10-01,136.286
1960-11-01,146.508
1960-12-01,136.008
1961-01-01,160.027
1961-02-01,146.209
1961-03-01,146.209
1961-04-01,91.401
1961-05-01,91.309
1961-06-01,77.676
1961-07-01,125.212
1961-08-01,111.449
1961-09-01,124.958
1961-10-01,77.311
1961-11-01,67.159
1961-12-01,67.092
1962-01-01,67.024
1962-02-01,90.483
1962-03-01,110.590
1962-04-01,134.183
1962-05-01,134.048
1962-06-01,123.995
1962-07-01,100.267
1962-08-01,113.560
1962-09-01,146.765
1962-10-01,133.422
1962-11-01,133.422
1962-12-01,123.292
1963-01-01,133.156
1963-02-01,122.883
1963-03-01,112.695
1963-04-01,89.374
1963-05-01,89.286
1963-06-01,132.406
1963-07-01,155.526
1963-08-01,155.218
1963-09-01,98.619
1963-10-01,121.791
1963-11-01,131.666
1963-12-01,164.582
1964-01-01,164.258
1964-02-01,141.076
1964-03-01,140.937
1964-04-01,154.199
1964-05-01,154.048
1964-06-01,130.676
1964-07-01,107.527
1964-08-01,97.561
1964-09-01,117.188
1964-10-01,120.325
1964-11-01,139.701
1964-12-01,119.819
1965-01-01,109.890
1965-02-01,119.702
1965-03-01,119.586
1965-04-01,138.934
1965-05-01,161.394
1965-06-01,193.486
1965-07-01,180.529
1965-08-01,161.031
1965-09-01,173.745
1965-10-01,170.308
1965-11-01,173.021
1965-12-01,192.000
1966-01-01,191.816
1966-02-01,255.754
1966-03-01,277.866
1966-04-01,286.807
1966-05-01,276.366
1966-06-01,243.594
1966-07-01,275.491
1966-08-01,348.653
1966-09-01,357.369
1966-10-01,379.147
1966-11-01,355.906
1966-12-01,335.950
1967-01-01,319.950
1967-02-01,286.783
1967-03-01,254.817
1967-04-01,254.027
1967-05-01,231.839
1967-06-01,284.126
1967-07-01,292.758
1967-08-01,260.337
1967-09-01,259.542
1967-10-01,258.752
1967-11-01,310.219
1967-12-01,328.068
1968-01-01,364.742
1968-02-01,363.636
1968-03-01,393.939
1968-04-01,392.749
1968-05-01,422.961
1968-06-01,420.420
1968-07-01,449.102
1968-08-01,447.761
1968-09-01,446.429
1968-10-01,474.777
1968-11-01,442.478
1968-12-01,470.588
1969-01-01,469.208
1969-02-01,467.836
1969-03-01,524.781
1969-04-01,552.326
1969-05-01,550.725
1969-06-01,547.550
1969-07-01,544.413
1969-08-01,542.857
1969-09-01,569.801
1969-10-01,566.572
1969-11-01,593.220
1969-12-01,589.888
1970-01-01,616.246
1970-02-01,642.458
1970-03-01,609.418
1970-04-01,606.061
1970-05-01,604.396
1970-06-01,601.093
1970-07-01,570.652
1970-08-01,569.106
1970-09-01,566.038
1970-10-01,563.003
1970-11-01,560.000
1970-12-01,557.029
1971-01-01,527.704
1971-02-01,472.441
1971-03-01,443.864
1971-04-01,415.584
1971-05-01,440.415
1971-06-01,438.144
1971-07-01,437.018
1971-08-01,435.897
1971-09-01,408.163
1971-10-01,380.711
1971-11-01,353.535
1971-12-01,326.633
1972-01-01,325.815
1972-02-01,375.940
1972-03-01,350.000
1972-04-01,349.127
1972-05-01,322.581
1972-06-01,296.296
1972-07-01,295.567
1972-08-01,294.840
1972-09-01,318.627
1972-10-01,317.848
1972-11-01,341.463
1972-12-01,340.633
1973-01-01,364.078
1973-02-01,386.473
1973-03-01,483.092
1973-04-01,530.120
1973-05-01,552.885
1973-06-01,599.520
1973-07-01,574.163
1973-08-01,739.857
1973-09-01,736.342
1973-10-01,805.687
1973-11-01,825.472
1973-12-01,894.118
1974-01-01,960.187
1974-02-01,1.000.000
1974-03-01,1.013.825
1974-04-01,1.006.865
1974-05-01,1.070.615
1974-06-01,1.085.973
1974-07-01,1.153.846
1974-08-01,1.088.889
1974-09-01,1.194.690
1974-10-01,1.184.211
1974-11-01,1.220.044
1974-12-01,1.209.503
1975-01-01,1.175.214
1975-02-01,1.120.507
1975-03-01,1.046.025
1975-04-01,1.018.711
1975-05-01,925.926
1975-06-01,918.367
1975-07-01,953.347
1975-08-01,861.723
1975-09-01,790.514
1975-10-01,764.706
1975-11-01,737.864
1975-12-01,712.909
1976-01-01,669.216
1976-02-01,627.376
1976-03-01,606.061
1976-04-01,584.906
1976-05-01,621.469
1976-06-01,598.131
1976-07-01,555.556
1976-08-01,571.956
1976-09-01,549.451
1976-10-01,546.448
1976-11-01,506.329
1976-12-01,503.597
1977-01-01,519.713
1977-02-01,608.229
1977-03-01,642.857
1977-04-01,695.187
1977-05-01,673.759
1977-06-01,670.194
1977-07-01,666.667
1977-08-01,663.176
1977-09-01,642.361
1977-10-01,639.033
1977-11-01,671.256
1977-12-01,667.808
1978-01-01,681.431
1978-02-01,623.946
1978-03-01,637.584
1978-04-01,650.000
1978-05-01,714.286
1978-06-01,743.802
1978-07-01,773.026
1978-08-01,785.597
1978-09-01,848.287
1978-10-01,892.857
1978-11-01,887.097
1978-12-01,898.876
1979-01-01,925.040
1979-02-01,984.127
1979-03-01,1.025.237
1979-04-01,1.048.513
1979-05-01,1.069.767
1979-06-01,1.107.692
1979-07-01,1.145.038
1979-08-01,1.183.612
1979-09-01,1.187.970
1979-10-01,1.207.154
1979-11-01,1.259.259
1979-12-01,1.325.479
1980-01-01,1.386.861
1980-02-01,1.416.185
1980-03-01,1.459.227
1980-04-01,1.458.924
1980-05-01,1.442.577
1980-06-01,1.426.593
1980-07-01,1.315.068
1980-08-01,1.289.009
1980-09-01,1.276.882
1980-10-01,1.263.298
1980-11-01,1.263.158
1980-12-01,1.235.371
1981-01-01,1.179.487
1981-02-01,1.139.241
1981-03-01,1.061.174
1981-04-01,1.013.597
1981-05-01,979.192
1981-06-01,969.697
1981-07-01,1.077.482
1981-08-01,1.081.731
1981-09-01,1.096.544
1981-10-01,1.027.155
1981-11-01,957.944
1981-12-01,891.204
1982-01-01,825.688
1982-02-01,761.364
1982-03-01,688.488
1982-04-01,662.177
1982-05-01,691.193
1982-06-01,718.232
1982-07-01,655.738
1982-08-01,596.529
1982-09-01,494.092
1982-10-01,503.212
1982-11-01,447.761
1982-12-01,382.572
1983-01-01,370.763
1983-02-01,348.469
1983-03-01,359.029
1983-04-01,400.000
1983-05-01,344.108
1983-06-01,247.423
1983-07-01,235.897
1983-08-01,245.650
1983-09-01,276.356
1983-10-01,275.229
1983-11-01,316.327
1983-12-01,378.710
1984-01-01,429.009
1984-02-01,469.388
1984-03-01,489.297
1984-04-01,455.466
1984-05-01,433.468
1984-06-01,432.596
1984-07-01,430.862
1984-08-01,429.570
1984-09-01,428.287
1984-10-01,426.587
1984-11-01,415.430
1984-12-01,404.339
1985-01-01,352.595
1985-02-01,360.624
1985-03-01,379.009
1985-04-01,358.180
1985-05-01,357.488
1985-06-01,366.442
1985-07-01,345.821
1985-08-01,335.249
1985-09-01,324.737
1985-10-01,323.501
1985-11-01,351.377
1985-12-01,379.147
1986-01-01,397.351
1986-02-01,319.849
1986-03-01,215.356
1986-04-01,158.879
1986-05-01,167.910
1986-06-01,176.744
1986-07-01,167.131
1986-08-01,157.553
1986-09-01,175.763
1986-10-01,156.682
1986-11-01,128.440
1986-12-01,118.721
1987-01-01,136.488
1987-02-01,191.431
1987-03-01,284.143
1987-04-01,367.985
1987-05-01,366.972
1987-06-01,374.771
1987-07-01,392.694
1987-08-01,428.832
1987-09-01,427.273
1987-10-01,435.572
1987-11-01,452.899
1987-12-01,433.213
1988-01-01,412.926
1988-02-01,393.560
1988-03-01,383.244
1988-04-01,399.290
1988-05-01,398.230
1988-06-01,396.476
1988-07-01,413.005
1988-08-01,411.199
1988-09-01,418.483
1988-10-01,426.087
1988-11-01,424.610
1988-12-01,441.176
1989-01-01,448.276
1989-02-01,464.716
1989-03-01,489.270
1989-04-01,503.413
1989-05-01,527.660
1989-06-01,516.949
1989-07-01,506.329
1989-08-01,462.185
1989-09-01,443.515
1989-10-01,458.716
1989-11-01,465.503
1989-12-01,463.960
1990-01-01,519.802
1990-02-01,526.316
1990-03-01,523.732
1990-04-01,471.162
1990-05-01,436.540
1990-06-01,467.365
1990-07-01,481.928
1990-08-01,570.281
1990-09-01,616.987
1990-10-01,637.959
1990-11-01,619.539
1990-12-01,625.495
1991-01-01,564.706
1991-02-01,531.250
1991-03-01,482.115
1991-04-01,480.993
1991-05-01,503.486
1991-06-01,469.592
1991-07-01,436.782
1991-08-01,379.939
1991-09-01,339.623
1991-10-01,284.858
1991-11-01,306.657
1991-12-01,298.063
1992-01-01,267.261
1992-02-01,281.899
1992-03-01,318.991
1992-04-01,318.283
1992-05-01,302.360
1992-06-01,301.471
1992-07-01,315.712
1992-08-01,307.467
1992-09-01,299.270
1992-10-01,327.988
1992-11-01,312.046
1992-12-01,296.671
1993-01-01,325.380
1993-02-01,324.675
1993-03-01,301.941
1993-04-01,315.638
1993-05-01,322.119
1993-06-01,299.786
1993-07-01,284.698
1993-08-01,284.091
1993-09-01,276.400
1993-10-01,275.229
1993-11-01,274.455
1993-12-01,281.096
1994-01-01,245.098
1994-02-01,251.572
1994-03-01,265.178
1994-04-01,236.439
1994-05-01,228.849
1994-06-01,249.480
1994-07-01,269.896
1994-08-01,290.055
1994-09-01,296.552
1994-10-01,260.989
1994-11-01,260.274
1994-12-01,259.740
1995-01-01,287.081
1995-02-01,286.299
1995-03-01,278.722
1995-04-01,312.500
1995-05-01,311.864
1995-06-01,304.260
1995-07-01,283.019
1995-08-01,261.745
1995-09-01,254.521
1995-10-01,274.431
1995-11-01,260.347
1995-12-01,253.165
1996-01-01,279.070
1996-02-01,271.703
1996-03-01,284.392
1996-04-01,283.267
1996-05-01,282.709
1996-06-01,282.152
1996-07-01,288.336
1996-08-01,281.230
1996-09-01,300.457
1996-10-01,306.189
1996-11-01,325.309
1996-12-01,337.882
1997-01-01,303.814
1997-02-01,303.226
1997-03-01,276.527
1997-04-01,243.434
1997-05-01,223.785
1997-06-01,223.357
1997-07-01,216.561
1997-08-01,229.008
1997-09-01,221.940
1997-10-01,208.597
1997-11-01,189.036
1997-12-01,169.705
1998-01-01,163.112
1998-02-01,144.020
1998-03-01,137.672
1998-04-01,143.840
1998-05-01,168.856
1998-06-01,162.297
1998-07-01,174.564
1998-08-01,161.692
1998-09-01,142.680
1998-10-01,148.607
1998-11-01,148.423
1998-12-01,160.692
1999-01-01,166.667
1999-02-01,166.667
1999-03-01,172.840
1999-04-01,228.113
1999-05-01,209.102
1999-06-01,196.560
1999-07-01,214.461
1999-08-01,226.438
1999-09-01,262.997
1999-10-01,256.254
1999-11-01,262.035
1999-12-01,267.640
2000-01-01,279.296
2000-02-01,321.797
2000-03-01,376.214
2000-04-01,301.386
2000-05-01,313.253
2000-06-01,373.494
2000-07-01,359.928
2000-08-01,335.129
2000-09-01,345.650
2000-10-01,345.033
2000-11-01,344.418
2000-12-01,343.602
2001-01-01,372.120
2001-02-01,352.941
2001-03-01,298.246
2001-04-01,321.826
2001-05-01,356.308
2001-06-01,319.396
2001-07-01,272.148
2001-08-01,272.148
2001-09-01,259.217
2001-10-01,212.766
2001-11-01,189.437
2001-12-01,160.367
2002-01-01,119.590
2002-02-01,113.636
2002-03-01,136.286
2002-04-01,164.399
2002-05-01,124.083
2002-06-01,106.922
2002-07-01,146.561
2002-08-01,174.746
2002-09-01,151.600
2002-10-01,202.703
2002-11-01,225.352
2002-12-01,248.027
2003-01-01,275.746
2003-02-01,314.607
2003-03-01,302.521
2003-04-01,217.513
2003-05-01,189.415
2003-06-01,194.878
2003-07-01,205.556
2003-08-01,221.607
2003-09-01,237.832
2003-10-01,204.194
2003-11-01,192.837
2003-12-01,203.520
2004-01-01,202.629
2004-02-01,168.845
2004-03-01,174.008
2004-04-01,229.258
2004-05-01,289.776
2004-06-01,316.767
2004-07-01,293.958
2004-08-01,254.743
2004-09-01,253.917
2004-10-01,319.091
2004-11-01,362.162
2004-12-01,334.232
2005-01-01,284.487
2005-02-01,305.303
2005-03-01,320.684
2005-04-01,336.179
2005-05-01,286.929
2005-06-01,254.103
2005-07-01,306.716
2005-08-01,364.693
2005-09-01,474.183
2005-10-01,435.010
2005-11-01,333.855
2005-12-01,333.855
2006-01-01,401.879
2006-02-01,363.825
2006-03-01,341.792
2006-04-01,361.384
2006-05-01,397.727
2006-06-01,418.172
2006-07-01,410.467
2006-08-01,392.657
2006-09-01,201.207
2006-10-01,140.633
2006-11-01,196.870
2006-12-01,252.398
2007-01-01,207.577
2007-02-01,242.026
2007-03-01,279.820
2007-04-01,259.292
2007-05-01,270.989
2007-06-01,269.277
2007-07-01,231.789
2007-08-01,189.745
2007-09-01,283.383
2007-10-01,361.070
2007-11-01,437.327
2007-12-01,410.881
2008-01-01,429.470
2008-02-01,414.296
2008-03-01,397.490
2008-04-01,390.376
2008-05-01,408.841
2008-06-01,493.597
2008-07-01,549.751
2008-08-01,530.802
2008-09-01,495.332
2008-10-01,373.106
2008-11-01,109.992
2008-12-01,-2.223
2009-01-01,-11.359
2009-02-01,846
2009-03-01,-44.648
2009-04-01,-57.632
2009-05-01,-101.576
2009-06-01,-122.917
2009-07-01,-195.876
2009-08-01,-148.384
2009-09-01,-137.794
2009-10-01,-22.397
2009-11-01,191.459
2009-12-01,281.412
2010-01-01,262.111
2010-02-01,215.134
2010-03-01,228.617
2010-04-01,220.677
2010-05-01,200.355
2010-06-01,112.156
2010-07-01,134.078
2010-08-01,115.018
2010-09-01,111.831
2010-10-01,116.670
2010-11-01,108.454
2010-12-01,143.779
2011-01-01,170.078
2011-02-01,212.490
2011-03-01,261.924
2011-04-01,307.723
2011-05-01,345.897
2011-06-01,350.232
2011-07-01,357.988
2011-08-01,375.500
2011-09-01,381.262
2011-10-01,352.227
2011-11-01,345.143
2011-12-01,306.207
2012-01-01,300.877
2012-02-01,289.818
2012-03-01,258.288
2012-04-01,227.316
2012-05-01,173.794
2012-06-01,165.387
2012-07-01,141.751
2012-08-01,168.593
2012-09-01,194.972
2012-10-01,215.568
2012-11-01,179.602
2012-12-01,175.950
2013-01-01,168.406
2013-02-01,201.814
2013-03-01,151.875
2013-04-01,113.881
2013-05-01,139.039
2013-06-01,171.579
2013-07-01,188.547
2013-08-01,153.881
2013-09-01,109.473
2013-10-01,87.680
2013-11-01,123.287
2013-12-01,151.284
2014-01-01,155.776
2014-02-01,112.047
2014-03-01,161.269
2014-04-01,201.513
2014-05-01,216.695
2014-06-01,205.898
2014-07-01,197.424
2014-08-01,171.510
2014-09-01,168.405
2014-10-01,160.954
2014-11-01,123.152
2014-12-01,65.312
2015-01-01,-22.993
2015-02-01,-8.703
2015-03-01,-2.203
2015-04-01,-10.403
2015-05-01,3.503
2015-06-01,17.957
2015-07-01,22.569
2015-08-01,24.130
2015-09-01,884
2015-10-01,12.762
2015-11-01,43.632
2015-12-01,63.872
2016-01-01,123.750
2016-02-01,84.728
2016-03-01,89.162
2016-04-01,117.263
2016-05-01,107.848
2016-06-01,107.929
2016-07-01,86.836
2016-08-01,105.532
2016-09-01,154.864
2016-10-01,168.592
2016-11-01,168.433
2016-12-01,205.080
2017-01-01,251.039
2017-02-01,281.036
2017-03-01,244.120
2017-04-01,217.622
2017-05-01,185.634
2017-06-01,164.057
2017-07-01,172.511
2017-08-01,192.812
2017-09-01,218.057
2017-10-01,202.076
2017-11-01,217.249
2017-12-01,212.993
2018-01-01,215.132
2018-02-01,226.347
2018-03-01,233.095
2018-04-01,247.100
2018-05-01,278.192
2018-06-01,280.755
2018-07-01,285.412
2018-08-01,264.292
2018-09-01,233.206
2018-10-01,249.203
2018-11-01,214.733
2018-12-01,200.238
2019-01-01,148.759
2019-02-01,151.886
2019-03-01,188.319
2019-04-01,200.058
2019-05-01,179.591
2019-06-01,167.119
2019-07-01,182.633
2019-08-01,173.764
2019-09-01,168.450
2019-10-01,173.397
2019-11-01,209.229
2019-12-01,231.953
2020-01-01,259.977
2020-02-01,234.132
2020-03-01,149.404
2020-04-01,31.305
2020-05-01,19.820
2020-06-01,71.666
2020-07-01,99.686
2020-08-01,128.107
2020-09-01,139.102
2020-10-01,123.039
2020-11-01,117.575
2020-12-01,132.042
2021-01-01,137.384
2021-02-01,166.982
2021-03-01,266.782
2021-04-01,413.308
2021-05-01,491.826
2021-06-01,529.563
2021-07-01,524.517
2021-08-01,515.202
2021-09-01,535.122
2021-10-01,623.504
2021-11-01,690.197
2021-12-01,717.434
2022-01-01,755.881
2022-02-01,793.728
2022-03-01,857.220
2022-04-01,823.175
2022-05-01,853.817
2022-06-01,897.936
2022-07-01,846.258
2022-08-01,822.258
2022-09-01,819.211
2022-10-01,775.881
2022-11-01,712.286
2022-12-01,640.460
2023-01-01,632.718
2023-02-01,595.782
2023-03-01,491.772
2023-04-01,495.008
2023-05-01,413.185
2023-06-01,307.062
2023-07-01,328.775
2023-08-01,372.250
2023-09-01,368.721
2023-10-01,325.127
2023-11-01,313.335
2023-12-01,331.591
2024-01-01,308.834
2024-02-01,315.707
2024-03-01,348.683
2024-04-01,336.080
2024-05-01,324.428
2024-06-01,297.026
2024-07-01,294.148
2024-08-01,260.714
2024-09-01,242.648
2024-10-01,257.884
2024-11-01,271.947
2024-12-01,287.069
2025-01-01,299.098
2025-02-01,280.158
2025-03-01,238.198
2025-04-01,232.539
2025-05-01,237.727
2025-06-01,268.045
2025-07-01,274.262
2025-08-01,293.859
2025-09-01,302.257
2025-10-01,
2025-11-01,269.644
2025-12-01,265.330
2026-01-01,239.120
2026-02-01,243.400
2026-03-01,328.596
2026-04-01,377.925
2026-05-01,416.661
2026-06-01,346.353
2026-07-01,330.386
2026-08-01,335.302